key,gloss,word_class,root,form_label,surface_form
ae,head,noun,?-?-?,child.singular.first,?a?u?uth
ae,head,noun,?-?-?,child.singular.second,?a?u?uj
ae,head,noun,?-?-?,child.singular.third,?a?u?ush
ae,head,noun,?-?-?,child.singular.fourth,?a?u?u
ae,head,noun,?-?-?,child.plural.first,?a?u?u?uth
ae,head,noun,?-?-?,child.plural.second,?a?u?u?uj
ae,head,noun,?-?-?,child.plural.third,?a?u?u?ush
ae,head,noun,?-?-?,child.plural.fourth,?a?u?u?u
ae,head,noun,?-?-?,child.collective.first,?æ?i?ith
ae,head,noun,?-?-?,child.collective.second,?æ?i?ij
ae,head,noun,?-?-?,child.collective.third,?æ?i?ish
ae,head,noun,?-?-?,child.collective.fourth,?æ?i?i
ae,head,noun,?-?-?,child.zero.first,?a?uf?ufth
ae,head,noun,?-?-?,child.zero.second,?a?uf?ufj
ae,head,noun,?-?-?,child.zero.third,?a?uf?ufsh
ae,head,noun,?-?-?,child.zero.fourth,?a?uf?uf
ae,head,noun,?-?-?,female.singular.first,?a?o?oth
ae,head,noun,?-?-?,female.singular.second,?a?o?oj
ae,head,noun,?-?-?,female.singular.third,?a?o?osh
ae,head,noun,?-?-?,female.singular.fourth,?a?o?o
ae,head,noun,?-?-?,female.plural.first,?a?o?o?oth
ae,head,noun,?-?-?,female.plural.second,?a?o?o?oj
ae,head,noun,?-?-?,female.plural.third,?a?o?o?osh
ae,head,noun,?-?-?,female.plural.fourth,?a?o?o?o
ae,head,noun,?-?-?,female.collective.first,?æ?e?eth
ae,head,noun,?-?-?,female.collective.second,?æ?e?ej
ae,head,noun,?-?-?,female.collective.third,?æ?e?esh
ae,head,noun,?-?-?,female.collective.fourth,?æ?e?e
ae,head,noun,?-?-?,female.zero.first,?a?of?ofth
ae,head,noun,?-?-?,female.zero.second,?a?of?ofj
ae,head,noun,?-?-?,female.zero.third,?a?of?ofsh
ae,head,noun,?-?-?,female.zero.fourth,?a?of?of
ae,head,noun,?-?-?,male.singular.first,?a?a?ath
ae,head,noun,?-?-?,male.singular.second,?a?a?aj
ae,head,noun,?-?-?,male.singular.third,?a?a?ash
ae,head,noun,?-?-?,male.singular.fourth,?a?a?a
ae,head,noun,?-?-?,male.plural.first,?a?a?a?ath
ae,head,noun,?-?-?,male.plural.second,?a?a?a?aj
ae,head,noun,?-?-?,male.plural.third,?a?a?a?ash
ae,head,noun,?-?-?,male.plural.fourth,?a?a?a?a
ae,head,noun,?-?-?,male.collective.first,?æ?æ?æth
ae,head,noun,?-?-?,male.collective.second,?æ?æ?æj
ae,head,noun,?-?-?,male.collective.third,?æ?æ?æsh
ae,head,noun,?-?-?,male.collective.fourth,?æ?æ?æ
ae,head,noun,?-?-?,male.zero.first,?a?af?afth
ae,head,noun,?-?-?,male.zero.second,?a?af?afj
ae,head,noun,?-?-?,male.zero.third,?a?af?afsh
ae,head,noun,?-?-?,male.zero.fourth,?a?af?af
ae,head,noun,?-?-?,inanimate.singular.first,?a?ïf?ïfth
ae,head,noun,?-?-?,inanimate.singular.second,?a?ïf?ïfj
ae,head,noun,?-?-?,inanimate.singular.third,?a?ïf?ïfsh
ae,head,noun,?-?-?,inanimate.singular.fourth,?a?ïf?ïf
ae,head,noun,?-?-?,inanimate.plural.first,?a?ïf?ïf?ïfth
ae,head,noun,?-?-?,inanimate.plural.second,?a?ïf?ïf?ïfj
ae,head,noun,?-?-?,inanimate.plural.third,?a?ïf?ïf?ïfsh
ae,head,noun,?-?-?,inanimate.plural.fourth,?a?ïf?ïf?ïf
ae,head,noun,?-?-?,inanimate.collective.first,?æ?ïf?ïfth
ae,head,noun,?-?-?,inanimate.collective.second,?æ?ïf?ïfj
ae,head,noun,?-?-?,inanimate.collective.third,?æ?ïf?ïfsh
ae,head,noun,?-?-?,inanimate.collective.fourth,?æ?ïf?ïf
ae,head,noun,?-?-?,inanimate.zero.first,?a?ïff?ïffth
ae,head,noun,?-?-?,inanimate.zero.second,?a?ïff?ïffj
ae,head,noun,?-?-?,inanimate.zero.third,?a?ïff?ïffsh
ae,head,noun,?-?-?,inanimate.zero.fourth,?a?ïff?ïff
euf,eye,noun,?-?-f,child.singular.first,?a?ufuth
euf,eye,noun,?-?-f,child.singular.second,?a?ufuj
euf,eye,noun,?-?-f,child.singular.third,?a?ufush
euf,eye,noun,?-?-f,child.singular.fourth,?a?ufu
euf,eye,noun,?-?-f,child.plural.first,?a?u?ufuth
euf,eye,noun,?-?-f,child.plural.second,?a?u?ufuj
euf,eye,noun,?-?-f,child.plural.third,?a?u?ufush
euf,eye,noun,?-?-f,child.plural.fourth,?a?u?ufu
euf,eye,noun,?-?-f,child.collective.first,?æ?ifith
euf,eye,noun,?-?-f,child.collective.second,?æ?ifij
euf,eye,noun,?-?-f,child.collective.third,?æ?ifish
euf,eye,noun,?-?-f,child.collective.fourth,?æ?ifi
euf,eye,noun,?-?-f,child.zero.first,?a?uffufth
euf,eye,noun,?-?-f,child.zero.second,?a?uffufj
euf,eye,noun,?-?-f,child.zero.third,?a?uffufsh
euf,eye,noun,?-?-f,child.zero.fourth,?a?uffuf
euf,eye,noun,?-?-f,female.singular.first,?a?ofoth
euf,eye,noun,?-?-f,female.singular.second,?a?ofoj
euf,eye,noun,?-?-f,female.singular.third,?a?ofosh
euf,eye,noun,?-?-f,female.singular.fourth,?a?ofo
euf,eye,noun,?-?-f,female.plural.first,?a?o?ofoth
euf,eye,noun,?-?-f,female.plural.second,?a?o?ofoj
euf,eye,noun,?-?-f,female.plural.third,?a?o?ofosh
euf,eye,noun,?-?-f,female.plural.fourth,?a?o?ofo
euf,eye,noun,?-?-f,female.collective.first,?æ?efeth
euf,eye,noun,?-?-f,female.collective.second,?æ?efej
euf,eye,noun,?-?-f,female.collective.third,?æ?efesh
euf,eye,noun,?-?-f,female.collective.fourth,?æ?efe
euf,eye,noun,?-?-f,female.zero.first,?a?offofth
euf,eye,noun,?-?-f,female.zero.second,?a?offofj
euf,eye,noun,?-?-f,female.zero.third,?a?offofsh
euf,eye,noun,?-?-f,female.zero.fourth,?a?offof
euf,eye,noun,?-?-f,male.singular.first,?a?afath
euf,eye,noun,?-?-f,male.singular.second,?a?afaj
euf,eye,noun,?-?-f,male.singular.third,?a?afash
euf,eye,noun,?-?-f,male.singular.fourth,?a?afa
euf,eye,noun,?-?-f,male.plural.first,?a?a?afath
euf,eye,noun,?-?-f,male.plural.second,?a?a?afaj
euf,eye,noun,?-?-f,male.plural.third,?a?a?afash
euf,eye,noun,?-?-f,male.plural.fourth,?a?a?afa
euf,eye,noun,?-?-f,male.collective.first,?æ?æfæth
euf,eye,noun,?-?-f,male.collective.second,?æ?æfæj
euf,eye,noun,?-?-f,male.collective.third,?æ?æfæsh
euf,eye,noun,?-?-f,male.collective.fourth,?æ?æfæ
euf,eye,noun,?-?-f,male.zero.first,?a?affafth
euf,eye,noun,?-?-f,male.zero.second,?a?affafj
euf,eye,noun,?-?-f,male.zero.third,?a?affafsh
euf,eye,noun,?-?-f,male.zero.fourth,?a?affaf
euf,eye,noun,?-?-f,inanimate.singular.first,?a?ïffïfth
euf,eye,noun,?-?-f,inanimate.singular.second,?a?ïffïfj
euf,eye,noun,?-?-f,inanimate.singular.third,?a?ïffïfsh
euf,eye,noun,?-?-f,inanimate.singular.fourth,?a?ïffïf
euf,eye,noun,?-?-f,inanimate.plural.first,?a?ïf?ïffïfth
euf,eye,noun,?-?-f,inanimate.plural.second,?a?ïf?ïffïfj
euf,eye,noun,?-?-f,inanimate.plural.third,?a?ïf?ïffïfsh
euf,eye,noun,?-?-f,inanimate.plural.fourth,?a?ïf?ïffïf
euf,eye,noun,?-?-f,inanimate.collective.first,?æ?ïffïfth
euf,eye,noun,?-?-f,inanimate.collective.second,?æ?ïffïfj
euf,eye,noun,?-?-f,inanimate.collective.third,?æ?ïffïfsh
euf,eye,noun,?-?-f,inanimate.collective.fourth,?æ?ïffïf
euf,eye,noun,?-?-f,inanimate.zero.first,?a?ïfffïffth
euf,eye,noun,?-?-f,inanimate.zero.second,?a?ïfffïffj
euf,eye,noun,?-?-f,inanimate.zero.third,?a?ïfffïffsh
euf,eye,noun,?-?-f,inanimate.zero.fourth,?a?ïfffïff
on,mouth,noun,?-?-n,child.singular.first,?a?unuth
on,mouth,noun,?-?-n,child.singular.second,?a?unuj
on,mouth,noun,?-?-n,child.singular.third,?a?unush
on,mouth,noun,?-?-n,child.singular.fourth,?a?unu
on,mouth,noun,?-?-n,child.plural.first,?a?u?unuth
on,mouth,noun,?-?-n,child.plural.second,?a?u?unuj
on,mouth,noun,?-?-n,child.plural.third,?a?u?unush
on,mouth,noun,?-?-n,child.plural.fourth,?a?u?unu
on,mouth,noun,?-?-n,child.collective.first,?æ?inith
on,mouth,noun,?-?-n,child.collective.second,?æ?inij
on,mouth,noun,?-?-n,child.collective.third,?æ?inish
on,mouth,noun,?-?-n,child.collective.fourth,?æ?ini
on,mouth,noun,?-?-n,child.zero.first,?a?ufnufth
on,mouth,noun,?-?-n,child.zero.second,?a?ufnufj
on,mouth,noun,?-?-n,child.zero.third,?a?ufnufsh
on,mouth,noun,?-?-n,child.zero.fourth,?a?ufnuf
on,mouth,noun,?-?-n,female.singular.first,?a?onoth
on,mouth,noun,?-?-n,female.singular.second,?a?onoj
on,mouth,noun,?-?-n,female.singular.third,?a?onosh
on,mouth,noun,?-?-n,female.singular.fourth,?a?ono
on,mouth,noun,?-?-n,female.plural.first,?a?o?onoth
on,mouth,noun,?-?-n,female.plural.second,?a?o?onoj
on,mouth,noun,?-?-n,female.plural.third,?a?o?onosh
on,mouth,noun,?-?-n,female.plural.fourth,?a?o?ono
on,mouth,noun,?-?-n,female.collective.first,?æ?eneth
on,mouth,noun,?-?-n,female.collective.second,?æ?enej
on,mouth,noun,?-?-n,female.collective.third,?æ?enesh
on,mouth,noun,?-?-n,female.collective.fourth,?æ?ene
on,mouth,noun,?-?-n,female.zero.first,?a?ofnofth
on,mouth,noun,?-?-n,female.zero.second,?a?ofnofj
on,mouth,noun,?-?-n,female.zero.third,?a?ofnofsh
on,mouth,noun,?-?-n,female.zero.fourth,?a?ofnof
on,mouth,noun,?-?-n,male.singular.first,?a?anath
on,mouth,noun,?-?-n,male.singular.second,?a?anaj
on,mouth,noun,?-?-n,male.singular.third,?a?anash
on,mouth,noun,?-?-n,male.singular.fourth,?a?ana
on,mouth,noun,?-?-n,male.plural.first,?a?a?anath
on,mouth,noun,?-?-n,male.plural.second,?a?a?anaj
on,mouth,noun,?-?-n,male.plural.third,?a?a?anash
on,mouth,noun,?-?-n,male.plural.fourth,?a?a?ana
on,mouth,noun,?-?-n,male.collective.first,?æ?ænæth
on,mouth,noun,?-?-n,male.collective.second,?æ?ænæj
on,mouth,noun,?-?-n,male.collective.third,?æ?ænæsh
on,mouth,noun,?-?-n,male.collective.fourth,?æ?ænæ
on,mouth,noun,?-?-n,male.zero.first,?a?afnafth
on,mouth,noun,?-?-n,male.zero.second,?a?afnafj
on,mouth,noun,?-?-n,male.zero.third,?a?afnafsh
on,mouth,noun,?-?-n,male.zero.fourth,?a?afnaf
on,mouth,noun,?-?-n,inanimate.singular.first,?a?ïfnïfth
on,mouth,noun,?-?-n,inanimate.singular.second,?a?ïfnïfj
on,mouth,noun,?-?-n,inanimate.singular.third,?a?ïfnïfsh
on,mouth,noun,?-?-n,inanimate.singular.fourth,?a?ïfnïf
on,mouth,noun,?-?-n,inanimate.plural.first,?a?ïf?ïfnïfth
on,mouth,noun,?-?-n,inanimate.plural.second,?a?ïf?ïfnïfj
on,mouth,noun,?-?-n,inanimate.plural.third,?a?ïf?ïfnïfsh
on,mouth,noun,?-?-n,inanimate.plural.fourth,?a?ïf?ïfnïf
on,mouth,noun,?-?-n,inanimate.collective.first,?æ?ïfnïfth
on,mouth,noun,?-?-n,inanimate.collective.second,?æ?ïfnïfj
on,mouth,noun,?-?-n,inanimate.collective.third,?æ?ïfnïfsh
on,mouth,noun,?-?-n,inanimate.collective.fourth,?æ?ïfnïf
on,mouth,noun,?-?-n,inanimate.zero.first,?a?ïffnïffth
on,mouth,noun,?-?-n,inanimate.zero.second,?a?ïffnïffj
on,mouth,noun,?-?-n,inanimate.zero.third,?a?ïffnïffsh
on,mouth,noun,?-?-n,inanimate.zero.fourth,?a?ïffnïff
ich,heart,noun,?-ch-?,child.singular.first,?achu?uth
ich,heart,noun,?-ch-?,child.singular.second,?achu?uj
ich,heart,noun,?-ch-?,child.singular.third,?achu?ush
ich,heart,noun,?-ch-?,child.singular.fourth,?achu?u
ich,heart,noun,?-ch-?,child.plural.first,?achuchu?uth
ich,heart,noun,?-ch-?,child.plural.second,?achuchu?uj
ich,heart,noun,?-ch-?,child.plural.third,?achuchu?ush
ich,heart,noun,?-ch-?,child.plural.fourth,?achuchu?u
ich,heart,noun,?-ch-?,child.collective.first,?æchi?ith
ich,heart,noun,?-ch-?,child.collective.second,?æchi?ij
ich,heart,noun,?-ch-?,child.collective.third,?æchi?ish
ich,heart,noun,?-ch-?,child.collective.fourth,?æchi?i
ich,heart,noun,?-ch-?,child.zero.first,?achuf?ufth
ich,heart,noun,?-ch-?,child.zero.second,?achuf?ufj
ich,heart,noun,?-ch-?,child.zero.third,?achuf?ufsh
ich,heart,noun,?-ch-?,child.zero.fourth,?achuf?uf
ich,heart,noun,?-ch-?,female.singular.first,?acho?oth
ich,heart,noun,?-ch-?,female.singular.second,?acho?oj
ich,heart,noun,?-ch-?,female.singular.third,?acho?osh
ich,heart,noun,?-ch-?,female.singular.fourth,?acho?o
ich,heart,noun,?-ch-?,female.plural.first,?achocho?oth
ich,heart,noun,?-ch-?,female.plural.second,?achocho?oj
ich,heart,noun,?-ch-?,female.plural.third,?achocho?osh
ich,heart,noun,?-ch-?,female.plural.fourth,?achocho?o
ich,heart,noun,?-ch-?,female.collective.first,?æche?eth
ich,heart,noun,?-ch-?,female.collective.second,?æche?ej
ich,heart,noun,?-ch-?,female.collective.third,?æche?esh
ich,heart,noun,?-ch-?,female.collective.fourth,?æche?e
ich,heart,noun,?-ch-?,female.zero.first,?achof?ofth
ich,heart,noun,?-ch-?,female.zero.second,?achof?ofj
ich,heart,noun,?-ch-?,female.zero.third,?achof?ofsh
ich,heart,noun,?-ch-?,female.zero.fourth,?achof?of
ich,heart,noun,?-ch-?,male.singular.first,?acha?ath
ich,heart,noun,?-ch-?,male.singular.second,?acha?aj
ich,heart,noun,?-ch-?,male.singular.third,?acha?ash
ich,heart,noun,?-ch-?,male.singular.fourth,?acha?a
ich,heart,noun,?-ch-?,male.plural.first,?achacha?ath
ich,heart,noun,?-ch-?,male.plural.second,?achacha?aj
ich,heart,noun,?-ch-?,male.plural.third,?achacha?ash
ich,heart,noun,?-ch-?,male.plural.fourth,?achacha?a
ich,heart,noun,?-ch-?,male.collective.first,?æchæ?æth
ich,heart,noun,?-ch-?,male.collective.second,?æchæ?æj
ich,heart,noun,?-ch-?,male.collective.third,?æchæ?æsh
ich,heart,noun,?-ch-?,male.collective.fourth,?æchæ?æ
ich,heart,noun,?-ch-?,male.zero.first,?achaf?afth
ich,heart,noun,?-ch-?,male.zero.second,?achaf?afj
ich,heart,noun,?-ch-?,male.zero.third,?achaf?afsh
ich,heart,noun,?-ch-?,male.zero.fourth,?achaf?af
ich,heart,noun,?-ch-?,inanimate.singular.first,?achïf?ïfth
ich,heart,noun,?-ch-?,inanimate.singular.second,?achïf?ïfj
ich,heart,noun,?-ch-?,inanimate.singular.third,?achïf?ïfsh
ich,heart,noun,?-ch-?,inanimate.singular.fourth,?achïf?ïf
ich,heart,noun,?-ch-?,inanimate.plural.first,?achïfchïf?ïfth
ich,heart,noun,?-ch-?,inanimate.plural.second,?achïfchïf?ïfj
ich,heart,noun,?-ch-?,inanimate.plural.third,?achïfchïf?ïfsh
ich,heart,noun,?-ch-?,inanimate.plural.fourth,?achïfchïf?ïf
ich,heart,noun,?-ch-?,inanimate.collective.first,?æchïf?ïfth
ich,heart,noun,?-ch-?,inanimate.collective.second,?æchïf?ïfj
ich,heart,noun,?-ch-?,inanimate.collective.third,?æchïf?ïfsh
ich,heart,noun,?-ch-?,inanimate.collective.fourth,?æchïf?ïf
ich,heart,noun,?-ch-?,inanimate.zero.first,?achïff?ïffth
ich,heart,noun,?-ch-?,inanimate.zero.second,?achïff?ïffj
ich,heart,noun,?-ch-?,inanimate.zero.third,?achïff?ïffsh
ich,heart,noun,?-ch-?,inanimate.zero.fourth,?achïff?ïff
uch,liver,noun,?-ch-?,child.singular.first,?achu?uth
uch,liver,noun,?-ch-?,child.singular.second,?achu?uj
uch,liver,noun,?-ch-?,child.singular.third,?achu?ush
uch,liver,noun,?-ch-?,child.singular.fourth,?achu?u
uch,liver,noun,?-ch-?,child.plural.first,?achuchu?uth
uch,liver,noun,?-ch-?,child.plural.second,?achuchu?uj
uch,liver,noun,?-ch-?,child.plural.third,?achuchu?ush
uch,liver,noun,?-ch-?,child.plural.fourth,?achuchu?u
uch,liver,noun,?-ch-?,child.collective.first,?æchi?ith
uch,liver,noun,?-ch-?,child.collective.second,?æchi?ij
uch,liver,noun,?-ch-?,child.collective.third,?æchi?ish
uch,liver,noun,?-ch-?,child.collective.fourth,?æchi?i
uch,liver,noun,?-ch-?,child.zero.first,?achuf?ufth
uch,liver,noun,?-ch-?,child.zero.second,?achuf?ufj
uch,liver,noun,?-ch-?,child.zero.third,?achuf?ufsh
uch,liver,noun,?-ch-?,child.zero.fourth,?achuf?uf
uch,liver,noun,?-ch-?,female.singular.first,?acho?oth
uch,liver,noun,?-ch-?,female.singular.second,?acho?oj
uch,liver,noun,?-ch-?,female.singular.third,?acho?osh
uch,liver,noun,?-ch-?,female.singular.fourth,?acho?o
uch,liver,noun,?-ch-?,female.plural.first,?achocho?oth
uch,liver,noun,?-ch-?,female.plural.second,?achocho?oj
uch,liver,noun,?-ch-?,female.plural.third,?achocho?osh
uch,liver,noun,?-ch-?,female.plural.fourth,?achocho?o
uch,liver,noun,?-ch-?,female.collective.first,?æche?eth
uch,liver,noun,?-ch-?,female.collective.second,?æche?ej
uch,liver,noun,?-ch-?,female.collective.third,?æche?esh
uch,liver,noun,?-ch-?,female.collective.fourth,?æche?e
uch,liver,noun,?-ch-?,female.zero.first,?achof?ofth
uch,liver,noun,?-ch-?,female.zero.second,?achof?ofj
uch,liver,noun,?-ch-?,female.zero.third,?achof?ofsh
uch,liver,noun,?-ch-?,female.zero.fourth,?achof?of
uch,liver,noun,?-ch-?,male.singular.first,?acha?ath
uch,liver,noun,?-ch-?,male.singular.second,?acha?aj
uch,liver,noun,?-ch-?,male.singular.third,?acha?ash
uch,liver,noun,?-ch-?,male.singular.fourth,?acha?a
uch,liver,noun,?-ch-?,male.plural.first,?achacha?ath
uch,liver,noun,?-ch-?,male.plural.second,?achacha?aj
uch,liver,noun,?-ch-?,male.plural.third,?achacha?ash
uch,liver,noun,?-ch-?,male.plural.fourth,?achacha?a
uch,liver,noun,?-ch-?,male.collective.first,?æchæ?æth
uch,liver,noun,?-ch-?,male.collective.second,?æchæ?æj
uch,liver,noun,?-ch-?,male.collective.third,?æchæ?æsh
uch,liver,noun,?-ch-?,male.collective.fourth,?æchæ?æ
uch,liver,noun,?-ch-?,male.zero.first,?achaf?afth
uch,liver,noun,?-ch-?,male.zero.second,?achaf?afj
uch,liver,noun,?-ch-?,male.zero.third,?achaf?afsh
uch,liver,noun,?-ch-?,male.zero.fourth,?achaf?af
uch,liver,noun,?-ch-?,inanimate.singular.first,?achïf?ïfth
uch,liver,noun,?-ch-?,inanimate.singular.second,?achïf?ïfj
uch,liver,noun,?-ch-?,inanimate.singular.third,?achïf?ïfsh
uch,liver,noun,?-ch-?,inanimate.singular.fourth,?achïf?ïf
uch,liver,noun,?-ch-?,inanimate.plural.first,?achïfchïf?ïfth
uch,liver,noun,?-ch-?,inanimate.plural.second,?achïfchïf?ïfj
uch,liver,noun,?-ch-?,inanimate.plural.third,?achïfchïf?ïfsh
uch,liver,noun,?-ch-?,inanimate.plural.fourth,?achïfchïf?ïf
uch,liver,noun,?-ch-?,inanimate.collective.first,?æchïf?ïfth
uch,liver,noun,?-ch-?,inanimate.collective.second,?æchïf?ïfj
uch,liver,noun,?-ch-?,inanimate.collective.third,?æchïf?ïfsh
uch,liver,noun,?-ch-?,inanimate.collective.fourth,?æchïf?ïf
uch,liver,noun,?-ch-?,inanimate.zero.first,?achïff?ïffth
uch,liver,noun,?-ch-?,inanimate.zero.second,?achïff?ïffj
uch,liver,noun,?-ch-?,inanimate.zero.third,?achïff?ïffsh
uch,liver,noun,?-ch-?,inanimate.zero.fourth,?achïff?ïff
debh,tree,noun,d-b-h,female.singular.first,dabohoth
debh,tree,noun,d-b-h,female.singular.second,dabohoj
debh,tree,noun,d-b-h,female.singular.third,dabohosh
debh,tree,noun,d-b-h,female.singular.fourth,daboho
debh,tree,noun,d-b-h,female.plural.first,dabobohoth
debh,tree,noun,d-b-h,female.plural.second,dabobohoj
debh,tree,noun,d-b-h,female.plural.third,dabobohosh
debh,tree,noun,d-b-h,female.plural.fourth,daboboho
debh,tree,noun,d-b-h,female.collective.first,dæbeheth
debh,tree,noun,d-b-h,female.collective.second,dæbehej
debh,tree,noun,d-b-h,female.collective.third,dæbehesh
debh,tree,noun,d-b-h,female.collective.fourth,dæbehe
debh,tree,noun,d-b-h,female.zero.first,dabofhofth
debh,tree,noun,d-b-h,female.zero.second,dabofhofj
debh,tree,noun,d-b-h,female.zero.third,dabofhofsh
debh,tree,noun,d-b-h,female.zero.fourth,dabofhof
sugh,water,noun,s-g-h,inanimate.singular.first,sagïfhïfth
sugh,water,noun,s-g-h,inanimate.singular.second,sagïfhïfj
sugh,water,noun,s-g-h,inanimate.singular.third,sagïfhïfsh
sugh,water,noun,s-g-h,inanimate.singular.fourth,sagïfhïf
sugh,water,noun,s-g-h,inanimate.plural.first,sagïfgïfhïfth
sugh,water,noun,s-g-h,inanimate.plural.second,sagïfgïfhïfj
sugh,water,noun,s-g-h,inanimate.plural.third,sagïfgïfhïfsh
sugh,water,noun,s-g-h,inanimate.plural.fourth,sagïfgïfhïf
sugh,water,noun,s-g-h,inanimate.collective.first,sægïfhïfth
sugh,water,noun,s-g-h,inanimate.collective.second,sægïfhïfj
sugh,water,noun,s-g-h,inanimate.collective.third,sægïfhïfsh
sugh,water,noun,s-g-h,inanimate.collective.fourth,sægïfhïf
sugh,water,noun,s-g-h,inanimate.zero.first,sagïffhïffth
sugh,water,noun,s-g-h,inanimate.zero.second,sagïffhïffj
sugh,water,noun,s-g-h,inanimate.zero.third,sagïffhïffsh
sugh,water,noun,s-g-h,inanimate.zero.fourth,sagïffhïff
t'ub',sun,noun,t'-b'-?,inanimate.singular.first,t'ab'ïf?ïfth
t'ub',sun,noun,t'-b'-?,inanimate.singular.second,t'ab'ïf?ïfj
t'ub',sun,noun,t'-b'-?,inanimate.singular.third,t'ab'ïf?ïfsh
t'ub',sun,noun,t'-b'-?,inanimate.singular.fourth,t'ab'ïf?ïf
t'ub',sun,noun,t'-b'-?,inanimate.plural.first,t'ab'ïfb'ïf?ïfth
t'ub',sun,noun,t'-b'-?,inanimate.plural.second,t'ab'ïfb'ïf?ïfj
t'ub',sun,noun,t'-b'-?,inanimate.plural.third,t'ab'ïfb'ïf?ïfsh
t'ub',sun,noun,t'-b'-?,inanimate.plural.fourth,t'ab'ïfb'ïf?ïf
t'ub',sun,noun,t'-b'-?,inanimate.collective.first,t'æb'ïf?ïfth
t'ub',sun,noun,t'-b'-?,inanimate.collective.second,t'æb'ïf?ïfj
t'ub',sun,noun,t'-b'-?,inanimate.collective.third,t'æb'ïf?ïfsh
t'ub',sun,noun,t'-b'-?,inanimate.collective.fourth,t'æb'ïf?ïf
t'ub',sun,noun,t'-b'-?,inanimate.zero.first,t'ab'ïff?ïffth
t'ub',sun,noun,t'-b'-?,inanimate.zero.second,t'ab'ïff?ïffj
t'ub',sun,noun,t'-b'-?,inanimate.zero.third,t'ab'ïff?ïffsh
t'ub',sun,noun,t'-b'-?,inanimate.zero.fourth,t'ab'ïff?ïff
pu,moon,noun,p-?-?,child.singular.first,pa?u?uth
pu,moon,noun,p-?-?,child.singular.second,pa?u?uj
pu,moon,noun,p-?-?,child.singular.third,pa?u?ush
pu,moon,noun,p-?-?,child.singular.fourth,pa?u?u
pu,moon,noun,p-?-?,child.plural.first,pa?u?u?uth
pu,moon,noun,p-?-?,child.plural.second,pa?u?u?uj
pu,moon,noun,p-?-?,child.plural.third,pa?u?u?ush
pu,moon,noun,p-?-?,child.plural.fourth,pa?u?u?u
pu,moon,noun,p-?-?,child.collective.first,pæ?i?ith
pu,moon,noun,p-?-?,child.collective.second,pæ?i?ij
pu,moon,noun,p-?-?,child.collective.third,pæ?i?ish
pu,moon,noun,p-?-?,child.collective.fourth,pæ?i?i
pu,moon,noun,p-?-?,child.zero.first,pa?uf?ufth
pu,moon,noun,p-?-?,child.zero.second,pa?uf?ufj
pu,moon,noun,p-?-?,child.zero.third,pa?uf?ufsh
pu,moon,noun,p-?-?,child.zero.fourth,pa?uf?uf
pu,moon,noun,p-?-?,female.singular.first,pa?o?oth
pu,moon,noun,p-?-?,female.singular.second,pa?o?oj
pu,moon,noun,p-?-?,female.singular.third,pa?o?osh
pu,moon,noun,p-?-?,female.singular.fourth,pa?o?o
pu,moon,noun,p-?-?,female.plural.first,pa?o?o?oth
pu,moon,noun,p-?-?,female.plural.second,pa?o?o?oj
pu,moon,noun,p-?-?,female.plural.third,pa?o?o?osh
pu,moon,noun,p-?-?,female.plural.fourth,pa?o?o?o
pu,moon,noun,p-?-?,female.collective.first,pæ?e?eth
pu,moon,noun,p-?-?,female.collective.second,pæ?e?ej
pu,moon,noun,p-?-?,female.collective.third,pæ?e?esh
pu,moon,noun,p-?-?,female.collective.fourth,pæ?e?e
pu,moon,noun,p-?-?,female.zero.first,pa?of?ofth
pu,moon,noun,p-?-?,female.zero.second,pa?of?ofj
pu,moon,noun,p-?-?,female.zero.third,pa?of?ofsh
pu,moon,noun,p-?-?,female.zero.fourth,pa?of?of
pu,moon,noun,p-?-?,male.singular.first,pa?a?ath
pu,moon,noun,p-?-?,male.singular.second,pa?a?aj
pu,moon,noun,p-?-?,male.singular.third,pa?a?ash
pu,moon,noun,p-?-?,male.singular.fourth,pa?a?a
pu,moon,noun,p-?-?,male.plural.first,pa?a?a?ath
pu,moon,noun,p-?-?,male.plural.second,pa?a?a?aj
pu,moon,noun,p-?-?,male.plural.third,pa?a?a?ash
pu,moon,noun,p-?-?,male.plural.fourth,pa?a?a?a
pu,moon,noun,p-?-?,male.collective.first,pæ?æ?æth
pu,moon,noun,p-?-?,male.collective.second,pæ?æ?æj
pu,moon,noun,p-?-?,male.collective.third,pæ?æ?æsh
pu,moon,noun,p-?-?,male.collective.fourth,pæ?æ?æ
pu,moon,noun,p-?-?,male.zero.first,pa?af?afth
pu,moon,noun,p-?-?,male.zero.second,pa?af?afj
pu,moon,noun,p-?-?,male.zero.third,pa?af?afsh
pu,moon,noun,p-?-?,male.zero.fourth,pa?af?af
pu,moon,noun,p-?-?,inanimate.singular.first,pa?ïf?ïfth
pu,moon,noun,p-?-?,inanimate.singular.second,pa?ïf?ïfj
pu,moon,noun,p-?-?,inanimate.singular.third,pa?ïf?ïfsh
pu,moon,noun,p-?-?,inanimate.singular.fourth,pa?ïf?ïf
pu,moon,noun,p-?-?,inanimate.plural.first,pa?ïf?ïf?ïfth
pu,moon,noun,p-?-?,inanimate.plural.second,pa?ïf?ïf?ïfj
pu,moon,noun,p-?-?,inanimate.plural.third,pa?ïf?ïf?ïfsh
pu,moon,noun,p-?-?,inanimate.plural.fourth,pa?ïf?ïf?ïf
pu,moon,noun,p-?-?,inanimate.collective.first,pæ?ïf?ïfth
pu,moon,noun,p-?-?,inanimate.collective.second,pæ?ïf?ïfj
pu,moon,noun,p-?-?,inanimate.collective.third,pæ?ïf?ïfsh
pu,moon,noun,p-?-?,inanimate.collective.fourth,pæ?ïf?ïf
pu,moon,noun,p-?-?,inanimate.zero.first,pa?ïff?ïffth
pu,moon,noun,p-?-?,inanimate.zero.second,pa?ïff?ïffj
pu,moon,noun,p-?-?,inanimate.zero.third,pa?ïff?ïffsh
pu,moon,noun,p-?-?,inanimate.zero.fourth,pa?ïff?ïff
lu,river,noun,l-?-?,inanimate.singular.first,la?ïf?ïfth
lu,river,noun,l-?-?,inanimate.singular.second,la?ïf?ïfj
lu,river,noun,l-?-?,inanimate.singular.third,la?ïf?ïfsh
lu,river,noun,l-?-?,inanimate.singular.fourth,la?ïf?ïf
lu,river,noun,l-?-?,inanimate.plural.first,la?ïf?ïf?ïfth
lu,river,noun,l-?-?,inanimate.plural.second,la?ïf?ïf?ïfj
lu,river,noun,l-?-?,inanimate.plural.third,la?ïf?ïf?ïfsh
lu,river,noun,l-?-?,inanimate.plural.fourth,la?ïf?ïf?ïf
lu,river,noun,l-?-?,inanimate.collective.first,læ?ïf?ïfth
lu,river,noun,l-?-?,inanimate.collective.second,læ?ïf?ïfj
lu,river,noun,l-?-?,inanimate.collective.third,læ?ïf?ïfsh
lu,river,noun,l-?-?,inanimate.collective.fourth,læ?ïf?ïf
lu,river,noun,l-?-?,inanimate.zero.first,la?ïff?ïffth
lu,river,noun,l-?-?,inanimate.zero.second,la?ïff?ïffj
lu,river,noun,l-?-?,inanimate.zero.third,la?ïff?ïffsh
lu,river,noun,l-?-?,inanimate.zero.fourth,la?ïff?ïff
nek,sea,noun,n-?-k,inanimate.singular.first,na?ïfkïfth
nek,sea,noun,n-?-k,inanimate.singular.second,na?ïfkïfj
nek,sea,noun,n-?-k,inanimate.singular.third,na?ïfkïfsh
nek,sea,noun,n-?-k,inanimate.singular.fourth,na?ïfkïf
nek,sea,noun,n-?-k,inanimate.plural.first,na?ïf?ïfkïfth
nek,sea,noun,n-?-k,inanimate.plural.second,na?ïf?ïfkïfj
nek,sea,noun,n-?-k,inanimate.plural.third,na?ïf?ïfkïfsh
nek,sea,noun,n-?-k,inanimate.plural.fourth,na?ïf?ïfkïf
nek,sea,noun,n-?-k,inanimate.collective.first,næ?ïfkïfth
nek,sea,noun,n-?-k,inanimate.collective.second,næ?ïfkïfj
nek,sea,noun,n-?-k,inanimate.collective.third,næ?ïfkïfsh
nek,sea,noun,n-?-k,inanimate.collective.fourth,næ?ïfkïf
nek,sea,noun,n-?-k,inanimate.zero.first,na?ïffkïffth
nek,sea,noun,n-?-k,inanimate.zero.second,na?ïffkïffj
nek,sea,noun,n-?-k,inanimate.zero.third,na?ïffkïffsh
nek,sea,noun,n-?-k,inanimate.zero.fourth,na?ïffkïff
maomao,maomao (bear-sized companion),noun,m-?-m,child.singular.first,ma?umuth
maomao,maomao (bear-sized companion),noun,m-?-m,child.singular.second,ma?umuj
maomao,maomao (bear-sized companion),noun,m-?-m,child.singular.third,ma?umush
maomao,maomao (bear-sized companion),noun,m-?-m,child.singular.fourth,ma?umu
maomao,maomao (bear-sized companion),noun,m-?-m,child.plural.first,ma?u?umuth
maomao,maomao (bear-sized companion),noun,m-?-m,child.plural.second,ma?u?umuj
maomao,maomao (bear-sized companion),noun,m-?-m,child.plural.third,ma?u?umush
maomao,maomao (bear-sized companion),noun,m-?-m,child.plural.fourth,ma?u?umu
maomao,maomao (bear-sized companion),noun,m-?-m,child.collective.first,mæ?imith
maomao,maomao (bear-sized companion),noun,m-?-m,child.collective.second,mæ?imij
maomao,maomao (bear-sized companion),noun,m-?-m,child.collective.third,mæ?imish
maomao,maomao (bear-sized companion),noun,m-?-m,child.collective.fourth,mæ?imi
maomao,maomao (bear-sized companion),noun,m-?-m,child.zero.first,ma?ufmufth
maomao,maomao (bear-sized companion),noun,m-?-m,child.zero.second,ma?ufmufj
maomao,maomao (bear-sized companion),noun,m-?-m,child.zero.third,ma?ufmufsh
maomao,maomao (bear-sized companion),noun,m-?-m,child.zero.fourth,ma?ufmuf
maomao,maomao (bear-sized companion),noun,m-?-m,female.singular.first,ma?omoth
maomao,maomao (bear-sized companion),noun,m-?-m,female.singular.second,ma?omoj
maomao,maomao (bear-sized companion),noun,m-?-m,female.singular.third,ma?omosh
maomao,maomao (bear-sized companion),noun,m-?-m,female.singular.fourth,ma?omo
maomao,maomao (bear-sized companion),noun,m-?-m,female.plural.first,ma?o?omoth
maomao,maomao (bear-sized companion),noun,m-?-m,female.plural.second,ma?o?omoj
maomao,maomao (bear-sized companion),noun,m-?-m,female.plural.third,ma?o?omosh
maomao,maomao (bear-sized companion),noun,m-?-m,female.plural.fourth,ma?o?omo
maomao,maomao (bear-sized companion),noun,m-?-m,female.collective.first,mæ?emeth
maomao,maomao (bear-sized companion),noun,m-?-m,female.collective.second,mæ?emej
maomao,maomao (bear-sized companion),noun,m-?-m,female.collective.third,mæ?emesh
maomao,maomao (bear-sized companion),noun,m-?-m,female.collective.fourth,mæ?eme
maomao,maomao (bear-sized companion),noun,m-?-m,female.zero.first,ma?ofmofth
maomao,maomao (bear-sized companion),noun,m-?-m,female.zero.second,ma?ofmofj
maomao,maomao (bear-sized companion),noun,m-?-m,female.zero.third,ma?ofmofsh
maomao,maomao (bear-sized companion),noun,m-?-m,female.zero.fourth,ma?ofmof
maomao,maomao (bear-sized companion),noun,m-?-m,male.singular.first,ma?amath
maomao,maomao (bear-sized companion),noun,m-?-m,male.singular.second,ma?amaj
maomao,maomao (bear-sized companion),noun,m-?-m,male.singular.third,ma?amash
maomao,maomao (bear-sized companion),noun,m-?-m,male.singular.fourth,ma?ama
maomao,maomao (bear-sized companion),noun,m-?-m,male.plural.first,ma?a?amath
maomao,maomao (bear-sized companion),noun,m-?-m,male.plural.second,ma?a?amaj
maomao,maomao (bear-sized companion),noun,m-?-m,male.plural.third,ma?a?amash
maomao,maomao (bear-sized companion),noun,m-?-m,male.plural.fourth,ma?a?ama
maomao,maomao (bear-sized companion),noun,m-?-m,male.collective.first,mæ?æmæth
maomao,maomao (bear-sized companion),noun,m-?-m,male.collective.second,mæ?æmæj
maomao,maomao (bear-sized companion),noun,m-?-m,male.collective.third,mæ?æmæsh
maomao,maomao (bear-sized companion),noun,m-?-m,male.collective.fourth,mæ?æmæ
maomao,maomao (bear-sized companion),noun,m-?-m,male.zero.first,ma?afmafth
maomao,maomao (bear-sized companion),noun,m-?-m,male.zero.second,ma?afmafj
maomao,maomao (bear-sized companion),noun,m-?-m,male.zero.third,ma?afmafsh
maomao,maomao (bear-sized companion),noun,m-?-m,male.zero.fourth,ma?afmaf
maomao,maomao (bear-sized companion),noun,m-?-m,inanimate.singular.first,ma?ïfmïfth
maomao,maomao (bear-sized companion),noun,m-?-m,inanimate.singular.second,ma?ïfmïfj
maomao,maomao (bear-sized companion),noun,m-?-m,inanimate.singular.third,ma?ïfmïfsh
maomao,maomao (bear-sized companion),noun,m-?-m,inanimate.singular.fourth,ma?ïfmïf
maomao,maomao (bear-sized companion),noun,m-?-m,inanimate.plural.first,ma?ïf?ïfmïfth
maomao,maomao (bear-sized companion),noun,m-?-m,inanimate.plural.second,ma?ïf?ïfmïfj
maomao,maomao (bear-sized companion),noun,m-?-m,inanimate.plural.third,ma?ïf?ïfmïfsh
maomao,maomao (bear-sized companion),noun,m-?-m,inanimate.plural.fourth,ma?ïf?ïfmïf
maomao,maomao (bear-sized companion),noun,m-?-m,inanimate.collective.first,mæ?ïfmïfth
maomao,maomao (bear-sized companion),noun,m-?-m,inanimate.collective.second,mæ?ïfmïfj
maomao,maomao (bear-sized companion),noun,m-?-m,inanimate.collective.third,mæ?ïfmïfsh
maomao,maomao (bear-sized companion),noun,m-?-m,inanimate.collective.fourth,mæ?ïfmïf
maomao,maomao (bear-sized companion),noun,m-?-m,inanimate.zero.first,ma?ïffmïffth
maomao,maomao (bear-sized companion),noun,m-?-m,inanimate.zero.second,ma?ïffmïffj
maomao,maomao (bear-sized companion),noun,m-?-m,inanimate.zero.third,ma?ïffmïffsh
maomao,maomao (bear-sized companion),noun,m-?-m,inanimate.zero.fourth,ma?ïffmïff
dzhabho,bird,noun,dzh-bh-?,child.singular.first,dzhabhu?uth
dzhabho,bird,noun,dzh-bh-?,child.singular.second,dzhabhu?uj
dzhabho,bird,noun,dzh-bh-?,child.singular.third,dzhabhu?ush
dzhabho,bird,noun,dzh-bh-?,child.singular.fourth,dzhabhu?u
dzhabho,bird,noun,dzh-bh-?,child.plural.first,dzhabhubhu?uth
dzhabho,bird,noun,dzh-bh-?,child.plural.second,dzhabhubhu?uj
dzhabho,bird,noun,dzh-bh-?,child.plural.third,dzhabhubhu?ush
dzhabho,bird,noun,dzh-bh-?,child.plural.fourth,dzhabhubhu?u
dzhabho,bird,noun,dzh-bh-?,child.collective.first,dzhæbhi?ith
dzhabho,bird,noun,dzh-bh-?,child.collective.second,dzhæbhi?ij
dzhabho,bird,noun,dzh-bh-?,child.collective.third,dzhæbhi?ish
dzhabho,bird,noun,dzh-bh-?,child.collective.fourth,dzhæbhi?i
dzhabho,bird,noun,dzh-bh-?,child.zero.first,dzhabhuf?ufth
dzhabho,bird,noun,dzh-bh-?,child.zero.second,dzhabhuf?ufj
dzhabho,bird,noun,dzh-bh-?,child.zero.third,dzhabhuf?ufsh
dzhabho,bird,noun,dzh-bh-?,child.zero.fourth,dzhabhuf?uf
dzhabho,bird,noun,dzh-bh-?,female.singular.first,dzhabho?oth
dzhabho,bird,noun,dzh-bh-?,female.singular.second,dzhabho?oj
dzhabho,bird,noun,dzh-bh-?,female.singular.third,dzhabho?osh
dzhabho,bird,noun,dzh-bh-?,female.singular.fourth,dzhabho?o
dzhabho,bird,noun,dzh-bh-?,female.plural.first,dzhabhobho?oth
dzhabho,bird,noun,dzh-bh-?,female.plural.second,dzhabhobho?oj
dzhabho,bird,noun,dzh-bh-?,female.plural.third,dzhabhobho?osh
dzhabho,bird,noun,dzh-bh-?,female.plural.fourth,dzhabhobho?o
dzhabho,bird,noun,dzh-bh-?,female.collective.first,dzhæbhe?eth
dzhabho,bird,noun,dzh-bh-?,female.collective.second,dzhæbhe?ej
dzhabho,bird,noun,dzh-bh-?,female.collective.third,dzhæbhe?esh
dzhabho,bird,noun,dzh-bh-?,female.collective.fourth,dzhæbhe?e
dzhabho,bird,noun,dzh-bh-?,female.zero.first,dzhabhof?ofth
dzhabho,bird,noun,dzh-bh-?,female.zero.second,dzhabhof?ofj
dzhabho,bird,noun,dzh-bh-?,female.zero.third,dzhabhof?ofsh
dzhabho,bird,noun,dzh-bh-?,female.zero.fourth,dzhabhof?of
dzhabho,bird,noun,dzh-bh-?,male.singular.first,dzhabha?ath
dzhabho,bird,noun,dzh-bh-?,male.singular.second,dzhabha?aj
dzhabho,bird,noun,dzh-bh-?,male.singular.third,dzhabha?ash
dzhabho,bird,noun,dzh-bh-?,male.singular.fourth,dzhabha?a
dzhabho,bird,noun,dzh-bh-?,male.plural.first,dzhabhabha?ath
dzhabho,bird,noun,dzh-bh-?,male.plural.second,dzhabhabha?aj
dzhabho,bird,noun,dzh-bh-?,male.plural.third,dzhabhabha?ash
dzhabho,bird,noun,dzh-bh-?,male.plural.fourth,dzhabhabha?a
dzhabho,bird,noun,dzh-bh-?,male.collective.first,dzhæbhæ?æth
dzhabho,bird,noun,dzh-bh-?,male.collective.second,dzhæbhæ?æj
dzhabho,bird,noun,dzh-bh-?,male.collective.third,dzhæbhæ?æsh
dzhabho,bird,noun,dzh-bh-?,male.collective.fourth,dzhæbhæ?æ
dzhabho,bird,noun,dzh-bh-?,male.zero.first,dzhabhaf?afth
dzhabho,bird,noun,dzh-bh-?,male.zero.second,dzhabhaf?afj
dzhabho,bird,noun,dzh-bh-?,male.zero.third,dzhabhaf?afsh
dzhabho,bird,noun,dzh-bh-?,male.zero.fourth,dzhabhaf?af
dzhabho,bird,noun,dzh-bh-?,inanimate.singular.first,dzhabhïf?ïfth
dzhabho,bird,noun,dzh-bh-?,inanimate.singular.second,dzhabhïf?ïfj
dzhabho,bird,noun,dzh-bh-?,inanimate.singular.third,dzhabhïf?ïfsh
dzhabho,bird,noun,dzh-bh-?,inanimate.singular.fourth,dzhabhïf?ïf
dzhabho,bird,noun,dzh-bh-?,inanimate.plural.first,dzhabhïfbhïf?ïfth
dzhabho,bird,noun,dzh-bh-?,inanimate.plural.second,dzhabhïfbhïf?ïfj
dzhabho,bird,noun,dzh-bh-?,inanimate.plural.third,dzhabhïfbhïf?ïfsh
dzhabho,bird,noun,dzh-bh-?,inanimate.plural.fourth,dzhabhïfbhïf?ïf
dzhabho,bird,noun,dzh-bh-?,inanimate.collective.first,dzhæbhïf?ïfth
dzhabho,bird,noun,dzh-bh-?,inanimate.collective.second,dzhæbhïf?ïfj
dzhabho,bird,noun,dzh-bh-?,inanimate.collective.third,dzhæbhïf?ïfsh
dzhabho,bird,noun,dzh-bh-?,inanimate.collective.fourth,dzhæbhïf?ïf
dzhabho,bird,noun,dzh-bh-?,inanimate.zero.first,dzhabhïff?ïffth
dzhabho,bird,noun,dzh-bh-?,inanimate.zero.second,dzhabhïff?ïffj
dzhabho,bird,noun,dzh-bh-?,inanimate.zero.third,dzhabhïff?ïffsh
dzhabho,bird,noun,dzh-bh-?,inanimate.zero.fourth,dzhabhïff?ïff
bsl,tree/goddess (feminine),noun,b-s-l,child.singular.first,basuluth
bsl,tree/goddess (feminine),noun,b-s-l,child.singular.second,basuluj
bsl,tree/goddess (feminine),noun,b-s-l,child.singular.third,basulush
bsl,tree/goddess (feminine),noun,b-s-l,child.singular.fourth,basulu
bsl,tree/goddess (feminine),noun,b-s-l,child.plural.first,basusuluth
bsl,tree/goddess (feminine),noun,b-s-l,child.plural.second,basusuluj
bsl,tree/goddess (feminine),noun,b-s-l,child.plural.third,basusulush
bsl,tree/goddess (feminine),noun,b-s-l,child.plural.fourth,basusulu
bsl,tree/goddess (feminine),noun,b-s-l,child.collective.first,bæsilith
bsl,tree/goddess (feminine),noun,b-s-l,child.collective.second,bæsilij
bsl,tree/goddess (feminine),noun,b-s-l,child.collective.third,bæsilish
bsl,tree/goddess (feminine),noun,b-s-l,child.collective.fourth,bæsili
bsl,tree/goddess (feminine),noun,b-s-l,child.zero.first,basuflufth
bsl,tree/goddess (feminine),noun,b-s-l,child.zero.second,basuflufj
bsl,tree/goddess (feminine),noun,b-s-l,child.zero.third,basuflufsh
bsl,tree/goddess (feminine),noun,b-s-l,child.zero.fourth,basufluf
bsl,tree/goddess (feminine),noun,b-s-l,female.singular.first,basoloth
bsl,tree/goddess (feminine),noun,b-s-l,female.singular.second,basoloj
bsl,tree/goddess (feminine),noun,b-s-l,female.singular.third,basolosh
bsl,tree/goddess (feminine),noun,b-s-l,female.singular.fourth,basolo
bsl,tree/goddess (feminine),noun,b-s-l,female.plural.first,basosoloth
bsl,tree/goddess (feminine),noun,b-s-l,female.plural.second,basosoloj
bsl,tree/goddess (feminine),noun,b-s-l,female.plural.third,basosolosh
bsl,tree/goddess (feminine),noun,b-s-l,female.plural.fourth,basosolo
bsl,tree/goddess (feminine),noun,b-s-l,female.collective.first,bæseleth
bsl,tree/goddess (feminine),noun,b-s-l,female.collective.second,bæselej
bsl,tree/goddess (feminine),noun,b-s-l,female.collective.third,bæselesh
bsl,tree/goddess (feminine),noun,b-s-l,female.collective.fourth,bæsele
bsl,tree/goddess (feminine),noun,b-s-l,female.zero.first,basoflofth
bsl,tree/goddess (feminine),noun,b-s-l,female.zero.second,basoflofj
bsl,tree/goddess (feminine),noun,b-s-l,female.zero.third,basoflofsh
bsl,tree/goddess (feminine),noun,b-s-l,female.zero.fourth,basoflof
bsl,tree/goddess (feminine),noun,b-s-l,male.singular.first,basalath
bsl,tree/goddess (feminine),noun,b-s-l,male.singular.second,basalaj
bsl,tree/goddess (feminine),noun,b-s-l,male.singular.third,basalash
bsl,tree/goddess (feminine),noun,b-s-l,male.singular.fourth,basala
bsl,tree/goddess (feminine),noun,b-s-l,male.plural.first,basasalath
bsl,tree/goddess (feminine),noun,b-s-l,male.plural.second,basasalaj
bsl,tree/goddess (feminine),noun,b-s-l,male.plural.third,basasalash
bsl,tree/goddess (feminine),noun,b-s-l,male.plural.fourth,basasala
bsl,tree/goddess (feminine),noun,b-s-l,male.collective.first,bæsælæth
bsl,tree/goddess (feminine),noun,b-s-l,male.collective.second,bæsælæj
bsl,tree/goddess (feminine),noun,b-s-l,male.collective.third,bæsælæsh
bsl,tree/goddess (feminine),noun,b-s-l,male.collective.fourth,bæsælæ
bsl,tree/goddess (feminine),noun,b-s-l,male.zero.first,basaflafth
bsl,tree/goddess (feminine),noun,b-s-l,male.zero.second,basaflafj
bsl,tree/goddess (feminine),noun,b-s-l,male.zero.third,basaflafsh
bsl,tree/goddess (feminine),noun,b-s-l,male.zero.fourth,basaflaf
bsl,tree/goddess (feminine),noun,b-s-l,inanimate.singular.first,basïflïfth
bsl,tree/goddess (feminine),noun,b-s-l,inanimate.singular.second,basïflïfj
bsl,tree/goddess (feminine),noun,b-s-l,inanimate.singular.third,basïflïfsh
bsl,tree/goddess (feminine),noun,b-s-l,inanimate.singular.fourth,basïflïf
bsl,tree/goddess (feminine),noun,b-s-l,inanimate.plural.first,basïfsïflïfth
bsl,tree/goddess (feminine),noun,b-s-l,inanimate.plural.second,basïfsïflïfj
bsl,tree/goddess (feminine),noun,b-s-l,inanimate.plural.third,basïfsïflïfsh
bsl,tree/goddess (feminine),noun,b-s-l,inanimate.plural.fourth,basïfsïflïf
bsl,tree/goddess (feminine),noun,b-s-l,inanimate.collective.first,bæsïflïfth
bsl,tree/goddess (feminine),noun,b-s-l,inanimate.collective.second,bæsïflïfj
bsl,tree/goddess (feminine),noun,b-s-l,inanimate.collective.third,bæsïflïfsh
bsl,tree/goddess (feminine),noun,b-s-l,inanimate.collective.fourth,bæsïflïf
bsl,tree/goddess (feminine),noun,b-s-l,inanimate.zero.first,basïfflïffth
bsl,tree/goddess (feminine),noun,b-s-l,inanimate.zero.second,basïfflïffj
bsl,tree/goddess (feminine),noun,b-s-l,inanimate.zero.third,basïfflïffsh
bsl,tree/goddess (feminine),noun,b-s-l,inanimate.zero.fourth,basïfflïff
kmdr,"worship, ritual",verb_transitive,k-m-d-r,telic_perfect.none,shakamderoko
kmdr,"worship, ritual",verb_transitive,k-m-d-r,telic_perfect.past_visual,shakamdershëoko
kmdr,"worship, ritual",verb_transitive,k-m-d-r,telic_perfect.hearsay,shakamderrooko
kmdr,"worship, ritual",verb_transitive,k-m-d-r,telic_perfect.inferential,shakamdermuoko
kmdr,"worship, ritual",verb_transitive,k-m-d-r,telic_perfect.intention,shakamderngoko
kmdr,"worship, ritual",verb_transitive,k-m-d-r,atelic_imperfect.none,shakamedoroko
kmdr,"worship, ritual",verb_transitive,k-m-d-r,atelic_imperfect.past_visual,shakamədorshëoko
kmdr,"worship, ritual",verb_transitive,k-m-d-r,atelic_imperfect.hearsay,shakamodorrooko
kmdr,"worship, ritual",verb_transitive,k-m-d-r,atelic_imperfect.inferential,shakamudormuoko
kmdr,"worship, ritual",verb_transitive,k-m-d-r,atelic_imperfect.intention,shakamedorngoko
kmdr,"worship, ritual",verb_transitive,k-m-d-r,imperative.none,shaalakamadrooko
kmdr,"worship, ritual",verb_transitive,k-m-d-r,imperative.past_visual,shaalakamadroshëoko
kmdr,"worship, ritual",verb_transitive,k-m-d-r,imperative.hearsay,shaalakamadrorooko
kmdr,"worship, ritual",verb_transitive,k-m-d-r,imperative.inferential,shaalakamadromuoko
kmdr,"worship, ritual",verb_transitive,k-m-d-r,imperative.intention,shaalakamadrongoko
bva,drink,verb_active,b-v-?,active.none,shabava?
bva,drink,verb_active,b-v-?,active.past_visual,shabava?shë
bva,drink,verb_active,b-v-?,active.hearsay,shabava?ro
bva,drink,verb_active,b-v-?,active.inferential,shabava?mu
bva,drink,verb_active,b-v-?,active.intention,shabava?ng
upf,eat,verb_active,?-p-f,active.none,sha?apaf
upf,eat,verb_active,?-p-f,active.past_visual,sha?apafshë
upf,eat,verb_active,?-p-f,active.hearsay,sha?apafro
upf,eat,verb_active,?-p-f,active.inferential,sha?apafmu
upf,eat,verb_active,?-p-f,active.intention,sha?apafng
bha,see,verb_active,b-h-?,active.none,shabaha?
bha,see,verb_active,b-h-?,active.past_visual,shabaha?shë
bha,see,verb_active,b-h-?,active.hearsay,shabaha?ro
bha,see,verb_active,b-h-?,active.inferential,shabaha?mu
bha,see,verb_active,b-h-?,active.intention,shabaha?ng
xaen,hunt,verb_active,x-?-n,active.none,shaxa?an
xaen,hunt,verb_active,x-?-n,active.past_visual,shaxa?anshë
xaen,hunt,verb_active,x-?-n,active.hearsay,shaxa?anro
xaen,hunt,verb_active,x-?-n,active.inferential,shaxa?anmu
xaen,hunt,verb_active,x-?-n,active.intention,shaxa?anng
sae,walk,verb_active,s-?-?,active.none,shasa?a?
sae,walk,verb_active,s-?-?,active.past_visual,shasa?a?shë
sae,walk,verb_active,s-?-?,active.hearsay,shasa?a?ro
sae,walk,verb_active,s-?-?,active.inferential,shasa?a?mu
sae,walk,verb_active,s-?-?,active.intention,shasa?a?ng
gho,live,verb_active,g-h-?,active.none,shagaha?
gho,live,verb_active,g-h-?,active.past_visual,shagaha?shë
gho,live,verb_active,g-h-?,active.hearsay,shagaha?ro
gho,live,verb_active,g-h-?,active.inferential,shagaha?mu
gho,live,verb_active,g-h-?,active.intention,shagaha?ng
aech,swim,verb_active,?-ch-?,active.none,sha?acha?
aech,swim,verb_active,?-ch-?,active.past_visual,sha?acha?shë
aech,swim,verb_active,?-ch-?,active.hearsay,sha?acha?ro
aech,swim,verb_active,?-ch-?,active.inferential,sha?acha?mu
aech,swim,verb_active,?-ch-?,active.intention,sha?acha?ng
zoduk,know,verb_stative,z-d-k,stative.none,zadakasha
zoduk,know,verb_stative,z-d-k,stative.past_visual,zadakshëasha
zoduk,know,verb_stative,z-d-k,stative.hearsay,zadakroasha
zoduk,know,verb_stative,z-d-k,stative.inferential,zadakmuasha
zoduk,know,verb_stative,z-d-k,stative.intention,zadakngasha
zoduk,know,verb_stative,z-d-k,stative_prefix.none,zadak
zoduk,know,verb_stative,z-d-k,stative_prefix.none_gnomic,zædæk
zoduk,know,verb_stative,z-d-k,stative_prefix.probable,hozadak
zoduk,know,verb_stative,z-d-k,stative_prefix.probable_gnomic,hozædæk
zoduk,know,verb_stative,z-d-k,stative_prefix.probable_continuous,hohozadak
zoduk,know,verb_stative,z-d-k,stative_prefix.probable_gnomic_continuous,hohozædæk
zoduk,know,verb_stative,z-d-k,stative_prefix.inchoative,nüzadak
zoduk,know,verb_stative,z-d-k,stative_prefix.inchoative_gnomic,nüzædæk
zoduk,know,verb_stative,z-d-k,stative_prefix.inchoative_continuous,nünüzadak
zoduk,know,verb_stative,z-d-k,stative_prefix.inchoative_gnomic_continuous,nünüzædæk
zoduk,know,verb_stative,z-d-k,stative_prefix.cessative,nïzadak
zoduk,know,verb_stative,z-d-k,stative_prefix.cessative_gnomic,nïzædæk
zoduk,know,verb_stative,z-d-k,stative_prefix.cessative_continuous,nïnïzadak
zoduk,know,verb_stative,z-d-k,stative_prefix.cessative_gnomic_continuous,nïnïzædæk
zoduk,know,verb_stative,z-d-k,stative_prefix.resumptive,luzadak
zoduk,know,verb_stative,z-d-k,stative_prefix.resumptive_gnomic,luzædæk
zoduk,know,verb_stative,z-d-k,stative_prefix.resumptive_continuous,luluzadak
zoduk,know,verb_stative,z-d-k,stative_prefix.resumptive_gnomic_continuous,luluzædæk
zoduk,know,verb_stative,z-d-k,stative_prefix.repetitive_cess,lizadak
zoduk,know,verb_stative,z-d-k,stative_prefix.repetitive_cess_gnomic,lizædæk
zoduk,know,verb_stative,z-d-k,stative_prefix.repetitive_cess_continuous,lilizadak
zoduk,know,verb_stative,z-d-k,stative_prefix.repetitive_cess_gnomic_continuous,lilizædæk
zoduk,know,verb_stative,z-d-k,stative_prefix.almost,kozadak
zoduk,know,verb_stative,z-d-k,stative_prefix.almost_gnomic,kozædæk
zoduk,know,verb_stative,z-d-k,stative_prefix.almost_continuous,kokozadak
zoduk,know,verb_stative,z-d-k,stative_prefix.almost_gnomic_continuous,kokozædæk
zoduk,know,verb_stative,z-d-k,stative_prefix.almost_cess,kezadak
zoduk,know,verb_stative,z-d-k,stative_prefix.almost_cess_gnomic,kezædæk
zoduk,know,verb_stative,z-d-k,stative_prefix.almost_cess_continuous,kekezadak
zoduk,know,verb_stative,z-d-k,stative_prefix.almost_cess_gnomic_continuous,kekezædæk
aed,fear,verb_stative,?-?-d,stative.none,?a?adasha
aed,fear,verb_stative,?-?-d,stative.past_visual,?a?adshëasha
aed,fear,verb_stative,?-?-d,stative.hearsay,?a?adroasha
aed,fear,verb_stative,?-?-d,stative.inferential,?a?admuasha
aed,fear,verb_stative,?-?-d,stative.intention,?a?adngasha
aed,fear,verb_stative,?-?-d,stative_prefix.none,?a?ad
aed,fear,verb_stative,?-?-d,stative_prefix.none_gnomic,?æ?æd
aed,fear,verb_stative,?-?-d,stative_prefix.probable,ho?a?ad
aed,fear,verb_stative,?-?-d,stative_prefix.probable_gnomic,ho?æ?æd
aed,fear,verb_stative,?-?-d,stative_prefix.probable_continuous,hoho?a?ad
aed,fear,verb_stative,?-?-d,stative_prefix.probable_gnomic_continuous,hoho?æ?æd
aed,fear,verb_stative,?-?-d,stative_prefix.inchoative,nü?a?ad
aed,fear,verb_stative,?-?-d,stative_prefix.inchoative_gnomic,nü?æ?æd
aed,fear,verb_stative,?-?-d,stative_prefix.inchoative_continuous,nünü?a?ad
aed,fear,verb_stative,?-?-d,stative_prefix.inchoative_gnomic_continuous,nünü?æ?æd
aed,fear,verb_stative,?-?-d,stative_prefix.cessative,nï?a?ad
aed,fear,verb_stative,?-?-d,stative_prefix.cessative_gnomic,nï?æ?æd
aed,fear,verb_stative,?-?-d,stative_prefix.cessative_continuous,nïnï?a?ad
aed,fear,verb_stative,?-?-d,stative_prefix.cessative_gnomic_continuous,nïnï?æ?æd
aed,fear,verb_stative,?-?-d,stative_prefix.resumptive,lu?a?ad
aed,fear,verb_stative,?-?-d,stative_prefix.resumptive_gnomic,lu?æ?æd
aed,fear,verb_stative,?-?-d,stative_prefix.resumptive_continuous,lulu?a?ad
aed,fear,verb_stative,?-?-d,stative_prefix.resumptive_gnomic_continuous,lulu?æ?æd
aed,fear,verb_stative,?-?-d,stative_prefix.repetitive_cess,li?a?ad
aed,fear,verb_stative,?-?-d,stative_prefix.repetitive_cess_gnomic,li?æ?æd
aed,fear,verb_stative,?-?-d,stative_prefix.repetitive_cess_continuous,lili?a?ad
aed,fear,verb_stative,?-?-d,stative_prefix.repetitive_cess_gnomic_continuous,lili?æ?æd
aed,fear,verb_stative,?-?-d,stative_prefix.almost,ko?a?ad
aed,fear,verb_stative,?-?-d,stative_prefix.almost_gnomic,ko?æ?æd
aed,fear,verb_stative,?-?-d,stative_prefix.almost_continuous,koko?a?ad
aed,fear,verb_stative,?-?-d,stative_prefix.almost_gnomic_continuous,koko?æ?æd
aed,fear,verb_stative,?-?-d,stative_prefix.almost_cess,ke?a?ad
aed,fear,verb_stative,?-?-d,stative_prefix.almost_cess_gnomic,ke?æ?æd
aed,fear,verb_stative,?-?-d,stative_prefix.almost_cess_continuous,keke?a?ad
aed,fear,verb_stative,?-?-d,stative_prefix.almost_cess_gnomic_continuous,keke?æ?æd
dpz,shoot at,verb_active,d-p-z,active.none,shadapaz
dpz,shoot at,verb_active,d-p-z,active.past_visual,shadapazshë
dpz,shoot at,verb_active,d-p-z,active.hearsay,shadapazro
dpz,shoot at,verb_active,d-p-z,active.inferential,shadapazmu
dpz,shoot at,verb_active,d-p-z,active.intention,shadapazng
zhrn,live,verb_active,zh-r-n,active.none,shazharan
zhrn,live,verb_active,zh-r-n,active.past_visual,shazharanshë
zhrn,live,verb_active,zh-r-n,active.hearsay,shazharanro
zhrn,live,verb_active,zh-r-n,active.inferential,shazharanmu
zhrn,live,verb_active,zh-r-n,active.intention,shazharanng
grn,bright,adjective,g-r-n,positive,goranasha
grn,bright,adjective,g-r-n,comparative,goraranasha
grn,bright,adjective,g-r-n,superlative,gerænasha
grn,bright,adjective,g-r-n,negative,gorfanasha
bsl_adj,stative adjective root,adjective,b-s-l,positive,bosalasha
bsl_adj,stative adjective root,adjective,b-s-l,comparative,bosasalasha
bsl_adj,stative adjective root,adjective,b-s-l,superlative,besælasha
bsl_adj,stative adjective root,adjective,b-s-l,negative,bosfalasha
zada,long/lengthy,adverb,z-d-?,positive.present,zadate
zada,long/lengthy,adverb,z-d-?,positive.mythic,zadatesher
zada,long/lengthy,adverb,z-d-?,positive.mythic_inferential,zadatesherëm
zada,long/lengthy,adverb,z-d-?,positive.past_auditory,zadatero
zada,long/lengthy,adverb,z-d-?,positive.past_visual,zadateshë
zada,long/lengthy,adverb,z-d-?,positive.past_inferential,zadateshëm
zada,long/lengthy,adverb,z-d-?,positive.hesternal_auditory,gokizadatero
zada,long/lengthy,adverb,z-d-?,positive.hesternal_visual,gokizadateshë
zada,long/lengthy,adverb,z-d-?,positive.hesternal_inferential,gokizadateshëm
zada,long/lengthy,adverb,z-d-?,positive.hodiernal_auditory,gozadankerom
zada,long/lengthy,adverb,z-d-?,positive.hodiernal_visual,gozadankeshë
zada,long/lengthy,adverb,z-d-?,positive.hodiernal_inferential,gozadankeshëm
zada,long/lengthy,adverb,z-d-?,positive.hodiernal_intentional,gozadankeya
zada,long/lengthy,adverb,z-d-?,positive.future_auditory,zadaterom
zada,long/lengthy,adverb,z-d-?,positive.future_inferential,zadatemu
zada,long/lengthy,adverb,z-d-?,positive.future_intentional,zadateya
zada,long/lengthy,adverb,z-d-?,positive.crastinal_auditory,gokizadaterom
zada,long/lengthy,adverb,z-d-?,positive.crastinal_inferential,gokizadatemu
zada,long/lengthy,adverb,z-d-?,positive.crastinal_intentional,gokizadateya
zada,long/lengthy,adverb,z-d-?,comparative.present,zadadate
zada,long/lengthy,adverb,z-d-?,comparative.mythic,zadadatesher
zada,long/lengthy,adverb,z-d-?,comparative.mythic_inferential,zadadatesherëm
zada,long/lengthy,adverb,z-d-?,comparative.past_auditory,zadadatero
zada,long/lengthy,adverb,z-d-?,comparative.past_visual,zadadateshë
zada,long/lengthy,adverb,z-d-?,comparative.past_inferential,zadadateshëm
zada,long/lengthy,adverb,z-d-?,comparative.hesternal_auditory,gokizadadatero
zada,long/lengthy,adverb,z-d-?,comparative.hesternal_visual,gokizadadateshë
zada,long/lengthy,adverb,z-d-?,comparative.hesternal_inferential,gokizadadateshëm
zada,long/lengthy,adverb,z-d-?,comparative.hodiernal_auditory,gozadadankerom
zada,long/lengthy,adverb,z-d-?,comparative.hodiernal_visual,gozadadankeshë
zada,long/lengthy,adverb,z-d-?,comparative.hodiernal_inferential,gozadadankeshëm
zada,long/lengthy,adverb,z-d-?,comparative.hodiernal_intentional,gozadadankeya
zada,long/lengthy,adverb,z-d-?,comparative.future_auditory,zadadaterom
zada,long/lengthy,adverb,z-d-?,comparative.future_inferential,zadadatemu
zada,long/lengthy,adverb,z-d-?,comparative.future_intentional,zadadateya
zada,long/lengthy,adverb,z-d-?,comparative.crastinal_auditory,gokizadadaterom
zada,long/lengthy,adverb,z-d-?,comparative.crastinal_inferential,gokizadadatemu
zada,long/lengthy,adverb,z-d-?,comparative.crastinal_intentional,gokizadadateya
zada,long/lengthy,adverb,z-d-?,superlative.present,zædæte
zada,long/lengthy,adverb,z-d-?,superlative.mythic,zædætesher
zada,long/lengthy,adverb,z-d-?,superlative.mythic_inferential,zædætesherëm
zada,long/lengthy,adverb,z-d-?,superlative.past_auditory,zædætero
zada,long/lengthy,adverb,z-d-?,superlative.past_visual,zædæteshë
zada,long/lengthy,adverb,z-d-?,superlative.past_inferential,zædæteshëm
zada,long/lengthy,adverb,z-d-?,superlative.hesternal_auditory,gokizædætero
zada,long/lengthy,adverb,z-d-?,superlative.hesternal_visual,gokizædæteshë
zada,long/lengthy,adverb,z-d-?,superlative.hesternal_inferential,gokizædæteshëm
zada,long/lengthy,adverb,z-d-?,superlative.hodiernal_auditory,gozædænkerom
zada,long/lengthy,adverb,z-d-?,superlative.hodiernal_visual,gozædænkeshë
zada,long/lengthy,adverb,z-d-?,superlative.hodiernal_inferential,gozædænkeshëm
zada,long/lengthy,adverb,z-d-?,superlative.hodiernal_intentional,gozædænkeya
zada,long/lengthy,adverb,z-d-?,superlative.future_auditory,zædæterom
zada,long/lengthy,adverb,z-d-?,superlative.future_inferential,zædætemu
zada,long/lengthy,adverb,z-d-?,superlative.future_intentional,zædæteya
zada,long/lengthy,adverb,z-d-?,superlative.crastinal_auditory,gokizædæterom
zada,long/lengthy,adverb,z-d-?,superlative.crastinal_inferential,gokizædætemu
zada,long/lengthy,adverb,z-d-?,superlative.crastinal_intentional,gokizædæteya
zada,long/lengthy,adverb,z-d-?,negative.present,zafdafte
zada,long/lengthy,adverb,z-d-?,negative.mythic,zafdaftesher
zada,long/lengthy,adverb,z-d-?,negative.mythic_inferential,zafdaftesherëm
zada,long/lengthy,adverb,z-d-?,negative.past_auditory,zafdaftero
zada,long/lengthy,adverb,z-d-?,negative.past_visual,zafdafteshë
zada,long/lengthy,adverb,z-d-?,negative.past_inferential,zafdafteshëm
zada,long/lengthy,adverb,z-d-?,negative.hesternal_auditory,gokizafdaftero
zada,long/lengthy,adverb,z-d-?,negative.hesternal_visual,gokizafdafteshë
zada,long/lengthy,adverb,z-d-?,negative.hesternal_inferential,gokizafdafteshëm
zada,long/lengthy,adverb,z-d-?,negative.hodiernal_auditory,gozafdafnkerom
zada,long/lengthy,adverb,z-d-?,negative.hodiernal_visual,gozafdafnkeshë
zada,long/lengthy,adverb,z-d-?,negative.hodiernal_inferential,gozafdafnkeshëm
zada,long/lengthy,adverb,z-d-?,negative.hodiernal_intentional,gozafdafnkeya
zada,long/lengthy,adverb,z-d-?,negative.future_auditory,zafdafterom
zada,long/lengthy,adverb,z-d-?,negative.future_inferential,zafdaftemu
zada,long/lengthy,adverb,z-d-?,negative.future_intentional,zafdafteya
zada,long/lengthy,adverb,z-d-?,negative.crastinal_auditory,gokizafdafterom
zada,long/lengthy,adverb,z-d-?,negative.crastinal_inferential,gokizafdaftemu
zada,long/lengthy,adverb,z-d-?,negative.crastinal_intentional,gokizafdafteya
1,number 1,numeral,1,cardinal,Pan
1,number 1,numeral,1,ordinal,Sekon
1,number 1,numeral,1,partitive,Papan
1,number 1,numeral,1,fractional,Golo
1,number 1,numeral,1,collective,Pæn
1,number 1,numeral,1,adverbial,Pante
1,number 1,numeral,1,negative_cardinal,Pafn
2,number 2,numeral,2,cardinal,Bal
2,number 2,numeral,2,ordinal,Kezon
2,number 2,numeral,2,partitive,Babal
2,number 2,numeral,2,fractional,Kalakel
2,number 2,numeral,2,collective,Bæl
2,number 2,numeral,2,adverbial,Balte
2,number 2,numeral,2,negative_cardinal,Bafl
3,number 3,numeral,3,cardinal,Bhan
3,number 3,numeral,3,ordinal,Bhalon
3,number 3,numeral,3,partitive,Bhabhan
3,number 3,numeral,3,fractional,Bhavel
3,number 3,numeral,3,collective,Bhæn
3,number 3,numeral,3,adverbial,Bhante
3,number 3,numeral,3,negative_cardinal,Bhfan
4,number 4,numeral,4,cardinal,Mal
4,number 4,numeral,4,ordinal,Malon
4,number 4,numeral,4,partitive,Mamal
4,number 4,numeral,4,fractional,Malfel
4,number 4,numeral,4,collective,Mæl
4,number 4,numeral,4,adverbial,Malte
4,number 4,numeral,4,negative_cardinal,Mafl
5,number 5,numeral,5,cardinal,Tan
5,number 5,numeral,5,ordinal,Talon
5,number 5,numeral,5,partitive,Tatan
5,number 5,numeral,5,fractional,Tanfel
5,number 5,numeral,5,collective,Tæn
5,number 5,numeral,5,adverbial,Tante
5,number 5,numeral,5,negative_cardinal,Tafn
6,number 6,numeral,6,cardinal,Dal
6,number 6,numeral,6,ordinal,Dalon
6,number 6,numeral,6,partitive,Dadal
6,number 6,numeral,6,fractional,Dalfel
6,number 6,numeral,6,collective,Dæl
6,number 6,numeral,6,adverbial,Dalte
6,number 6,numeral,6,negative_cardinal,Dafl
7,number 7,numeral,7,cardinal,Dhan
7,number 7,numeral,7,ordinal,Dhanon
7,number 7,numeral,7,partitive,Dhadhan
7,number 7,numeral,7,fractional,Dhanfel
7,number 7,numeral,7,collective,Dhæn
7,number 7,numeral,7,adverbial,Dhante
7,number 7,numeral,7,negative_cardinal,Dhfan
8,number 8,numeral,8,cardinal,Nal
8,number 8,numeral,8,ordinal,Nalon
8,number 8,numeral,8,partitive,Nanal
8,number 8,numeral,8,fractional,Nalfel
8,number 8,numeral,8,collective,Næl
8,number 8,numeral,8,adverbial,Nalte
8,number 8,numeral,8,negative_cardinal,Nafl
9,number 9,numeral,9,cardinal,Kan
9,number 9,numeral,9,ordinal,Kanon
9,number 9,numeral,9,partitive,Kakan
9,number 9,numeral,9,fractional,Kanfel
9,number 9,numeral,9,collective,Kæn
9,number 9,numeral,9,adverbial,Kante
9,number 9,numeral,9,negative_cardinal,Kafn
10,number 10,numeral,10,cardinal,Gal
10,number 10,numeral,10,ordinal,Galon
10,number 10,numeral,10,partitive,Gagal
10,number 10,numeral,10,fractional,Galfel
10,number 10,numeral,10,collective,Gæl
10,number 10,numeral,10,adverbial,Galte
10,number 10,numeral,10,negative_cardinal,Gafl
11,number 11,numeral,11,cardinal,Ghan
11,number 11,numeral,11,ordinal,Ghanon
11,number 11,numeral,11,partitive,Ghaghan
11,number 11,numeral,11,fractional,Ghanfel
11,number 11,numeral,11,collective,Ghæn
11,number 11,numeral,11,adverbial,Ghante
11,number 11,numeral,11,negative_cardinal,Ghfan
12,number 12,numeral,12,cardinal,Nger
12,number 12,numeral,12,ordinal,Ngeron
12,number 12,numeral,12,partitive,Ngenger
12,number 12,numeral,12,fractional,Ngerfel
12,number 12,numeral,12,collective,Nger
12,number 12,numeral,12,adverbial,Ngerte
12,number 12,numeral,12,negative_cardinal,Ngfer
13,number 13,numeral,13,cardinal,NgerPan
13,number 13,numeral,13,ordinal,NgerSekon
13,number 13,numeral,13,partitive,NgerPapan
13,number 13,numeral,13,fractional,NgerPanfel
13,number 13,numeral,13,collective,NgerPæn
13,number 13,numeral,13,adverbial,NgerPante
13,number 13,numeral,13,negative_cardinal,NgferPan
20,number 20,numeral,20,cardinal,NgerNal
20,number 20,numeral,20,ordinal,NgerNalon
20,number 20,numeral,20,partitive,NgerNanal
20,number 20,numeral,20,fractional,NgerNalfel
20,number 20,numeral,20,collective,NgerNæl
20,number 20,numeral,20,adverbial,NgerNalte
20,number 20,numeral,20,negative_cardinal,NgferNal
24,number 24,numeral,24,cardinal,BalNger
24,number 24,numeral,24,ordinal,BalNgeron
24,number 24,numeral,24,partitive,BalNgenger
24,number 24,numeral,24,fractional,BalNgerfel
24,number 24,numeral,24,collective,BælNger
24,number 24,numeral,24,adverbial,BalNgerte
24,number 24,numeral,24,negative_cardinal,BaflNger
36,number 36,numeral,36,cardinal,BhanNger
36,number 36,numeral,36,ordinal,BhanNgeron
36,number 36,numeral,36,partitive,BhanNgenger
36,number 36,numeral,36,fractional,BhanNgerfel
36,number 36,numeral,36,collective,BhænNger
36,number 36,numeral,36,adverbial,BhanNgerte
36,number 36,numeral,36,negative_cardinal,BhfanNger
48,number 48,numeral,48,cardinal,MalNger
48,number 48,numeral,48,ordinal,MalNgeron
48,number 48,numeral,48,partitive,MalNgenger
48,number 48,numeral,48,fractional,MalNgerfel
48,number 48,numeral,48,collective,MælNger
48,number 48,numeral,48,adverbial,MalNgerte
48,number 48,numeral,48,negative_cardinal,MaflNger
59,number 59,numeral,59,cardinal,MalNgerGhan
59,number 59,numeral,59,ordinal,MalNgerGhanon
59,number 59,numeral,59,partitive,MalNgerGhaghan
59,number 59,numeral,59,fractional,MalNgerGhanfel
59,number 59,numeral,59,collective,MælNgerGhæn
59,number 59,numeral,59,adverbial,MalNgerGhante
59,number 59,numeral,59,negative_cardinal,MaflNgerGhan
60,number 60,numeral,60,cardinal,Vibhi
60,number 60,numeral,60,ordinal,Vibhisekon
60,number 60,numeral,60,partitive,Vibhibhi
60,number 60,numeral,60,fractional,Vibhifel
60,number 60,numeral,60,collective,Vibhi
60,number 60,numeral,60,adverbial,Vibhite
60,number 60,numeral,60,negative_cardinal,Vifbhi
120,number 120,numeral,120,cardinal,BalVibhi
120,number 120,numeral,120,ordinal,KezonVibhi
120,number 120,numeral,120,partitive,BabalVibhi
120,number 120,numeral,120,fractional,BalVibhifel
120,number 120,numeral,120,collective,BælVibhi
120,number 120,numeral,120,adverbial,BalVibhite
120,number 120,numeral,120,negative_cardinal,BaflVibhi
